{"cameraMode":{"drawMode":0,"name":"Shaded","section":"Shading Mode"},"sceneLighting":false,"audioPlay":false,"sceneViewState":{"showFog":true,"showMaterialUpdate":false,"showSkybox":true,"showFlares":true,"showImageEffects":true,"showParticleSystems":true},"in2DMode":false,"pivot":{"x":1.6534065008163453,"y":-4.190912246704102,"z":10.86259937286377},"rotation":{"x":-0.2654593288898468,"y":-0.02978898584842682,"z":0.008205368183553219,"w":-0.9636338949203491},"size":20.981143951416017,"orthographic":false}